Timestamp,Name,Categories,Average Price Per Person,Address,Google Link
1/5/2023 12:40:45,Chai Sutta Bar ,"Affordable, Beverages",100-150,"Laxmi Nagar , Sadar",https://www.google.com/search?q=chai+sutta+bar+nagpur&sxsrf=ALiCzsZ-71CgwQsFM8XNmlsNmlYO92G27Q%3A1672902590015&ei=vne2Y8VKoe-O4w_ayIKoBw&ved=0ahUKEwjFofzk76_8AhWht2MGHVqkAHUQ4dUDCA8&uact=5&oq=chai+sutta+bar+nagpur&gs_lcp=Cgxnd3Mtd2l6LXNlcnAQAzIKCC4QrwEQxwEQJzIFCAAQgAQyCwguEIAEEMcBEK8BMgUIABCABDIFCAAQgAQyBggAEBYQHjIFCAAQhgMyBQgAEIYDMgUIABCGAzIFCAAQhgM6CggAEEcQ1gQQsAM6BAgjECc6CggAEIAEEIcCEBRKBAhBGABKBAhGGABQ-ARYsgtgxQ1oAnABeACAAf4BiAG0CJIBBTAuMy4ymAEAoAEByAEGwAEB&sclient=gws-wiz-serp
1/5/2023 12:41:38,Chai Shai Bar,"Affordable, Beverages",100-150,Laxmi Nagar,https://www.google.com/search?sxsrf=ALiCzsaVy_YInDrvMXBrD1JebtyeRzY8GQ:1672902674075&q=chai+shai+bar+nagpur&spell=1&sa=X&ved=2ahUKEwil54aN8K_8AhXUwzgGHewpAh0QirwEKAB6BAgJEAE&biw=1440&bih=793&dpr=2
1/5/2023 12:44:54,Shraddhas Dine,"Affordable, Mid Range, Pure Veg, Main Course",100-150,Laxmi Nagar,https://www.google.com/search?sxsrf=ALiCzsaVy_YInDrvMXBrD1JebtyeRzY8GQ:1672902674075&q=chai+shai+bar+nagpur&spell=1&sa=X&ved=2ahUKEwil54aN8K_8AhXUwzgGHewpAh0QirwEKAB6BAgJEAE&biw=1440&bih=793&dpr=2
1/5/2023 12:46:47,The Sambar,"Affordable, Good Ambiance, Pure Veg, South Indian Special",100-150,Laxmi nagar,https://www.google.com/search?gs_ssp=eJzj4tVP1zc0LDYzLbdIM082YLRSNagwTkoxSTZMSjE3SE1NsTQwtzKoMEwxtExJNTe2SExNNU4yN_ASLMlIVShOzE1KLFLIS0wvKC0CAP4PFhI&q=the+sambar+nagpur&oq=the+samb&aqs=chrome.0.46i20i175i199i263i512j0i131i433i512j69i57j46i175i199i512j0i512l2j46i175i199i512j0i512l3.2760j0j9&sourceid=chrome&ie=UTF-8
1/5/2023 12:49:01,Kathmandu Chinese,"Affordable, Roadside Chinese",100-150,"Laxmi Nagar, near Bank Of Baroda",
1/5/2023 12:50:42,Hotel Ashok,"Good Ambiance, For Dates, Main Course, Expensive",600-1000+,Laxmi Nagar,https://www.google.com/search?gs_ssp=eJzj4tZP1zcsKa7MM7fIMGC0UjWoME5KMUk2ME81skwyMzOwMLQyqEg1TEszTzMzMLIwMjVMNDH2EsrIL0nNUUgszsjPVshLTC8oLQIA6sIVgw&q=hotel+ashok+nagpur&oq=hotel+ashok+&aqs=chrome.1.69i57j46i20i175i199i263i512j0i512j46i175i199i512l3j0i512l3.3645j0j4&sourceid=chrome&ie=UTF-8
1/5/2023 12:51:35,"Cafe Coffee Day, Hotel Ashok","Mid Range, Good Ambiance, For Dates, Beverages, Expensive, Cafe",300-600,Laxmi Nagar,https://www.google.com/search?gs_ssp=eJzj4tZP1zcsKa7MM7fIMGC0UjWoME5KMUk2ME81skwyMzOwMLQyqEg1TEszTzMzMLIwMjVMNDH2EsrIL0nNUUgszsjPVshLTC8oLQIA6sIVgw&q=hotel+ashok+nagpur&oq=hotel+ashok+&aqs=chrome.1.69i57j46i20i175i199i263i512j0i512j46i175i199i512l3j0i512l3.3645j0j4&sourceid=chrome&ie=UTF-8
1/5/2023 12:54:06,House Of Caffeine,"Mid Range, Good Ambiance, For Dates, Beverages, Cafe",300-600,"Laxmi Nagar, Hingna T-Point",https://www.google.com/search?q=house+of+caffeine+nagpur&oq=hOUSE+OF+CAFFEINE+NAGPUR&aqs=chrome.0.0i355i512j46i175i199i512j0i512j0i22i30j0i390.5452j0j9&sourceid=chrome&ie=UTF-8
1/5/2023 12:55:03,Tea Bar,"Affordable, Beverages",100-150,Laxmi Nagar,https://www.google.com/search?q=tea+bar+nagpur&oq=tea+bar+nagpur&aqs=chrome.0.0i355i512j46i175i199i512j0i512j0i22i30l2j0i390l4.3789j0j9&sourceid=chrome&ie=UTF-8
1/5/2023 12:56:09,San Sebastian Cafe,Beverages,100-150,Laxmi Nagar Square,
1/5/2023 12:57:30,Chicago Pizza,"Mid Range, Good Ambiance, For Dates",300-600,Laxmi Nagar,https://www.google.com/search?q=chicago+pizza+nagpur&oq=CHicago+p&aqs=chrome.1.0i131i433i512j0i20i263i512j46i175i199i512j0i512j69i57j46i131i199i433i465i512j0i512j46i131i433i512j46i175i199i512l2.3227j0j9&sourceid=chrome&ie=UTF-8
1/5/2023 12:58:51,Brewin Cafe,"Mid Range, Good Ambiance, For Dates, Beverages, Cafe",150-300,Laxmi Nagar,https://www.google.com/search?gs_ssp=eJzj4tVP1zc0zDA1TTNIMU8zYLRSNagwTkoxSTY0NbNMNLCwtExOsTKoSElMNrJIMbOwSEs2NEu1MPPiTipKLc_MU0hOTEsFAG0IE1M&q=brewin+cafe&oq=brewin+cafe&aqs=chrome.1.0i355i512j46i175i199i512j0i20i263i512j0i512l4j0i390.3160j0j9&sourceid=chrome&ie=UTF-8
1/5/2023 13:01:25,All That's Coffee,"Affordable, Beverages",100-150,"Pratap Nagar, Manish Nagar, Dharampeth, Wardhaman Nagar",
1/5/2023 13:03:31,Ram Bhandar,"Affordable, Good Ambiance, Pure Veg, Main Course",150-300,"Pratap Nagar, Gandhibag",https://www.google.com/search?q=ram+bhandar+nagpur&oq=ram+bhandar+&aqs=chrome.1.69i57j0i20i263i512j46i175i199i512l3j0i20i263i512j0i512l4.3689j0j9&sourceid=chrome&ie=UTF-8
1/5/2023 13:04:42,Shruti Veg Restaurant,"Mid Range, Good Ambiance, Pure Veg, Main Course",150-300,Vivekanand Nagar,https://www.google.com/search?gs_ssp=eJwFwTkOgCAQAMDYGh9gSWPNGdnwBH-xCAs2RDkSnu_MuvHEZb6Vz0V-YnGHmNoH48kSGQgSjHRiKgAiFAh4WtBRXXvLdfSH1dg6joqls4LpHfUHpaAZEw&q=shruti+restaurant+nagpur&oq=SHruti+&aqs=chrome.1.69i57j46i20i175i199i263i512j46i131i433i512l2j46i433i512j0i512j46i433i512j46i131i433i512j0i131i433i512.3560j0j9&sourceid=chrome&ie=UTF-8
1/5/2023 13:06:49,Gayatri Bhojnalay,"Affordable, Pure Veg, Main Course",100-150,Dharampeth,https://www.google.com/search?gs_ssp=eJzj4tVP1zc0TDItyLJMyzEwYLRSNagwTkoxSTYwMzC1sLBITDZLsTKoSDZPTDVMSTMySTNJMUlLTfWSTE-sTCwpylRIysjPykvMAfIU8hLTC0qLAMktGcM&q=gayatri+bhojnalaya+nagpur&oq=gayatri+b&aqs=chrome.1.0i512j46i20i175i199i263i512j0i512j46i175i199i512l2j46i433i512j46i175i199i512j69i57j46i199i465i512j46i512.2580j0j9&sourceid=chrome&ie=UTF-8
1/5/2023 13:08:26,Two Joes,"Mid Range, Good Ambiance, For Dates, Main Course, Cafe, Serves Alcohol, Live Music",300-600,Abhyankar Nagar,https://www.google.com/search?q=two+joes+nagpur&sxsrf=ALiCzsaG0CgDKtBh41yeTh9-gYTN25uoBg%3A1672904293012&ei=ZX62Y9cxleiO4w-qyYbQCw&ved=0ahUKEwiX-IKR9q_8AhUVtGMGHaqkAboQ4dUDCA8&uact=5&oq=two+joes+nagpur&gs_lcp=Cgxnd3Mtd2l6LXNlcnAQAzIECCMQJzILCC4QgAQQxwEQrwEyCAgAEBYQHhAKMgUIABCGAzIFCAAQhgM6CggAEEcQ1gQQsANKBAhBGABKBAhGGABQ-gJY8Alg_QxoAXABeACAAeoBiAGJCJIBBTAuMi4zmAEAoAEByAEIwAEB&sclient=gws-wiz-serp
1/5/2023 13:09:19,Tanjore,"Mid Range, Good Ambiance, Pure Veg, South Indian Special",150-300,Abhyankar Nagar,https://www.google.com/search?q=tanjore+nagpur&sxsrf=ALiCzsa-2rPeuACetED3EIGNK6Xjc68bSQ%3A1672904343032&ei=l362Y8m9AeeJjuMP4oC0yAw&ved=0ahUKEwiJ5e-o9q_8AhXnhGMGHWIADckQ4dUDCA8&uact=5&oq=tanjore+nagpur&gs_lcp=Cgxnd3Mtd2l6LXNlcnAQAzILCC4QgAQQxwEQrwEyBggAEBYQHjIGCAAQFhAeMgUIABCGAzIFCAAQhgMyBQgAEIYDMgUIABCGAzoKCAAQRxDWBBCwAzoHCAAQsAMQQzoKCC4Q1AIQsAMQQzoNCAAQ5AIQ1gQQsAMYAToPCC4Q1AIQyAMQsAMQQxgCOgwILhDIAxCwAxBDGAI6BwgAELEDEEM6BAgAEEM6CAgAEIAEELEDOhAILhCABBCHAhDHARCvARAUOgUIABCABDoICAAQFhAeEA9KBAhBGABKBAhGGAFQwQNY0w1gwQ9oAXABeACAAeEBiAGUC5IBBTAuMy40mAEAoAEByAETwAEB2gEGCAEQARgJ2gEGCAIQARgI&sclient=gws-wiz-serp
1/5/2023 13:10:25,Dubai Duqaan - Shawarmas,Affordable,100-150,Abhyankar Nagar,https://www.google.com/search?q=dubai+duqaan+nagpur&oq=dubai+duqaan+nagpur&aqs=chrome..69i57j33i160l2.3877j0j9&sourceid=chrome&ie=UTF-8
1/5/2023 13:11:40,Villa 167,"Mid Range, Good Ambiance, For Dates, Beverages, Cafe",300-600,Abhyankar Nagar,https://www.google.com/search?q=villa+167&oq=villa+167&aqs=chrome.0.0i355i512j46i175i199i512j0i512l2.3066j0j9&sourceid=chrome&ie=UTF-8
1/5/2023 13:16:22,Frullato,"Affordable, Beverages",100-150,"Bajaj Nagar, Sadar",
1/5/2023 13:17:02,Dessertino,"Affordable, Beverages",100-150,Bajaj Nagar,
1/5/2023 13:17:58,Bagelo Escobar,Mid Range,100-150,Bajaj Nagar,https://www.google.com/search?q=bagelo+escobar+nagpur&oq=bagelo+esc&aqs=chrome.0.0i20i263i355i512j46i20i175i199i263i512j69i57.2655j0j9&sourceid=chrome&ie=UTF-8
1/5/2023 13:18:47,UFO - Fries & Corn,"Affordable, Good Ambiance, For Dates, Beverages, Cafe",150-300,Bajaj Nagar,https://www.google.com/search?sxsrf=ALiCzsaIhenGsIt48R54N50a5IEG0BxMKQ:1672904891730&q=ufo+fries+nagpur&spell=1&sa=X&ved=2ahUKEwiW5cGu-K_8AhW_tmMGHW2QAVsQirwEKAB6BAgFEAE&biw=1440&bih=793&dpr=2
1/5/2023 13:20:03,Anna ,"Affordable, Mid Range, Non Veg Specialty, Main Course",150-300,Bajaj Nagar,https://www.google.com/search?gs_ssp=eJzj4tZP1zcsySpJLywvNmC0UjWoME5KMUk2ME82MYUAK4MKS8tk81QjC3Njy0STVKCQl1hiXl6iQlFqcUliaVFiXolCXmJ6QWkRAFTmF2Y&q=anna+restaurant+nagpur&oq=anna+res&aqs=chrome.3.0i20i263i457i512j69i57j0i402j46i20i175i199i263i512j46i175i199i512l2j0i512l3j46i512.5903j0j9&sourceid=chrome&ie=UTF-8
1/5/2023 13:21:15,Arabica Cafe Coffee,"Affordable, Mid Range, Good Ambiance, For Dates, Cafe",150-300,Bajaj Nagar,https://www.google.com/search?q=arabica+coffee+cafe+nagpur&sxsrf=ALiCzsaZoBnLItSL3phNkCoJY375qg5d6g%3A1672905029995&ei=RYG2Y6y2PPmt4-EPrYuMiAI&ved=0ahUKEwjs7Ljw-K_8AhX51jgGHa0FAyEQ4dUDCA8&uact=5&oq=arabica+coffee+cafe+nagpur&gs_lcp=Cgxnd3Mtd2l6LXNlcnAQAzINCC4QgAQQxwEQrwEQDTIFCAAQhgMyBQgAEIYDMgUIABCGAzIFCAAQhgM6CggAEEcQ1gQQsAM6BggAEAcQHkoECEEYAEoECEYYAFDXA1jFDGCUEWgBcAF4AIAB6wGIAaALkgEFMC4zLjSYAQCgAQHIAQfAAQE&sclient=gws-wiz-serp
1/5/2023 13:24:15,Burger Bar ,"Mid Range, Good Ambiance, For Dates, Expensive, Serves Alcohol, Live Music",300-600,Bajaj Nagar,https://www.google.com/search?q=burger+bar+nagpur&sxsrf=ALiCzsaCQj4VlkbK-tBPqtk7EfbYp1rClw%3A1672905114061&ei=moG2Y9C3A8zrjuMP1PSh6AY&gs_ssp=eJzj4tVP1zc0LCyoyqswMEg2YLRSNagwTkoxSTY0S0s1skyyMDK1tDKosDS3SLJIMTNIMzdNsUw2SvYSTCotSk8tUkhKLFLIS0wvKC0CAAsAFhs&oq=burger+bar+&gs_lcp=Cgxnd3Mtd2l6LXNlcnAQARgAMgoILhCvARDHARAnMgoIABCABBCHAhAUMgUIABCABDIFCAAQgAQyBQgAEIAEMgsILhCvARDHARCABDIICAAQgAQQyQMyBQgAEIAEMgUIABCABDIECAAQQzoKCAAQRxDWBBCwAzoHCAAQsAMQQzoSCC4QxwEQrwEQyAMQsAMQQxgBSgQIQRgASgQIRhgAUMELWIsSYOQjaAFwAXgAgAGCAogBvgqSAQUwLjEuNZgBAKABAcgBDcABAdoBBAgBGAg&sclient=gws-wiz-serp
1/5/2023 13:27:56,The Chatori Street,"Affordable, Good Ambiance, For Dates, Beverages, Cafe, Multiple Eateries Together / Khau Galli",150-300,Ramdaspeth,https://www.google.com/search?gs_ssp=eJzj4tVP1zc0TE8vMjCpSskzYLRSMagwTkoxSTawSDOzMLI0STKwtDKoMDU2M08zsTAzTU0xNTZJ8hIqyUhVSM5ILMkvylQoLilKTS0BAPPgFbU&q=the+chatori+street&oq=the+chatori+&aqs=chrome.1.0i355i512j46i175i199i512j69i57j0i22i30l2.3160j0j9&sourceid=chrome&ie=UTF-8
1/5/2023 13:29:14,Rajendra Chinese,"Affordable, Chinese",100-150,Bajaj Nagar,https://www.google.com/search?q=rajendra+chinese+nagpur&oq=Rajendra+chinese&aqs=chrome.0.0i20i263i355i512j46i20i175i199i263i512j69i57.3918j0j9&sourceid=chrome&ie=UTF-8
1/5/2023 13:30:13,Theka Coffee,"Affordable, Beverages",100-150,Bajaj Nagar,"https://www.google.com/search?q=theka%20coffee%20nagpur&oq=theka+&aqs=chrome.4.69i57j0i20i131i263i433i457i512j0i402l2j0i20i131i263i433i512j46i175i199i512j0i512l2j46i175i199i512j0i512.2784j0j9&sourceid=chrome&ie=UTF-8&tbs=lf:1,lf_ui:9&tbm=lcl&sxsrf=ALiCzsY5zFcguF-cbCG1zZlUau7FGQqPLg:1672905598110&rflfq=1&num=10&rldimm=17190917616369351509&lqi=ChN0aGVrYSBjb2ZmZWUgbmFncHVySLjd_LusuICACFonEAAQARgAGAEYAiITdGhla2EgY29mZmVlIG5hZ3B1cioGCAIQABABkgELY29mZmVlX3Nob3A&phdesc=fNB9B6gOsNg&ved=2ahUKEwi06qv_-q_8AhVrxzgGHdw8A1oQvS56BAgeEAE&sa=X&rlst=f#rlfi=hd:;si:17190917616369351509,l,ChN0aGVrYSBjb2ZmZWUgbmFncHVySLjd_LusuICACFonEAAQARgAGAEYAiITdGhla2EgY29mZmVlIG5hZ3B1cioGCAIQABABkgELY29mZmVlX3Nob3A,y,fNB9B6gOsNg;mv:[[21.168428499999997,79.0860306],[21.105166399999998,78.99702169999999]];tbs:lrf:!1m4!1u3!2m2!3m1!1e1!1m4!1u2!2m2!2m1!1e1!2m1!1e2!2m1!1e3!3sIAE,lf:1,lf_ui:9"
1/5/2023 13:30:46,MBA Chaiwala,"Affordable, Beverages",100-150,Bajaj Nagar,https://www.google.com/search?q=mba+chai+wala+nagpur&sxsrf=ALiCzsZ1HX6oRMLztX9rKkiVT-rbqzcXzw%3A1672905635561&ei=o4O2Y_TzIazqjuMPkO-DMA&ved=0ahUKEwi00ZmR-6_8AhUstWMGHZD3AAYQ4dUDCA8&uact=5&oq=mba+chai+wala+nagpur&gs_lcp=Cgxnd3Mtd2l6LXNlcnAQAzIFCAAQgAQyBQgAEIAEMgsILhCvARDHARCABDIFCAAQgAQyBQgAEIYDMgUIABCGAzIFCAAQhgM6CggAEEcQ1gQQsAM6BwgAELADEEM6BAgAEEM6CwguEIAEEMcBEK8BOgoIABCABBCHAhAUOgYIABAWEB5KBAhBGABKBAhGGABQ0wNY4Q5gyhBoAXABeACAAeMBiAG3C5IBBTAuMi41mAEAoAEByAEKwAEB&sclient=gws-wiz-serp
1/5/2023 13:33:35,Shrinath Pavbhaji,"Affordable, Roadside Chinese, Chaat",100-150,Bajaj Nagar,https://www.google.com/search?q=Shrinath+pavbhaji+bajaj+nagar&oq=Shrinath+pavbhaji+bajaj+nagar&aqs=chrome..69i57j46i10i13i175i199i512j0i22i30j0i390l4.10476j0j9&sourceid=chrome&ie=UTF-8
1/5/2023 13:34:24,New Famous Chat,"Affordable, Roadside Chinese, Chaat",100-150,Bajaj Nagar,
1/5/2023 13:37:55,The Fuel Station,"Affordable, Mid Range, Good Ambiance, For Dates, Beverages, Cafe",150-300,"Shankar Nagar, Hingna T-Point",https://www.google.com/search?q=fuel+station+nagpur&sxsrf=ALiCzsb9L0gIYVQnQfHMxNNwneHDC6c4Fw%3A1672905789941&ei=PYS2Y7eOOfXg4-EP3Y-cmAE&oq=fuel+stat&gs_lcp=Cgxnd3Mtd2l6LXNlcnAQARgBMgoILhCvARDHARBDMgQIABBDMgcIABCxAxBDMggIABCABBCxAzIFCAAQgAQyBQgAEIAEMgUIABCABDIFCAAQgAQyCwguEIAEEMcBEK8BMgUIABCABDoECCMQJzoFCAAQkQI6CwgAEIAEELEDEIMBOgUILhCABDoKCAAQsQMQgwEQQzoLCC4QxwEQrwEQkQI6CggAEIAEEIcCEBQ6CgguEMcBEK8BEENKBAhBGABKBAhGGABQAFjXB2DKFmgAcAF4AIABxQOIAc8SkgEHMi02LjIuMZgBAKABAcABAQ&sclient=gws-wiz-serp
1/5/2023 13:40:01,The Fuel Headquarters,"Affordable, Mid Range, Good Ambiance, For Dates, Beverages, Cafe",150-300,"Bajaj Nagar, Wardhaman Nagar",https://www.google.com/search?q=fuel+headquarters&sxsrf=ALiCzsYej73hs7zz_WFJocD8UYbjFhVuNA%3A1672906064129&ei=UIW2Y7jKB_3qjuMPqu6gwAY&gs_ssp=eJzj4tVP1zc0TDbKSkq2MM0xYLRSNagwTkoxSTYwTzVITgOBFCuDCpO01CQzE1MjS5OkNNPEVBMvwbTS1ByFjNTElMLSxKKS1KJiABurFw0&oq=fuel+head&gs_lcp=Cgxnd3Mtd2l6LXNlcnAQARgAMgsILhCvARDHARCABDIFCAAQgAQyCggAEIAEEIcCEBQyBQgAEIAEMgUIABCABDIFCAAQgAQyBQgAEIAEMgsILhCABBDHARCvATIFCAAQgAQyCwguEIAEEMcBEK8BOgQIIxAnOgoILhDHARCvARBDOgQIABBDOgcIABCxAxBDOgoIABCxAxCDARBDOgoILhCvARDHARBDSgQIQRgASgQIRhgAUABY4Adg_BJoAHABeAGAAaIDiAG8EZIBCTAuMS42LjEuMZgBAKABAcABAQ&sclient=gws-wiz-serp
1/5/2023 13:44:31,The Breakfast Story,"Mid Range, Good Ambiance, For Dates, Pure Veg, Cafe",300-600,Hingna T-Point,https://www.google.com/search?gs_ssp=eJzj4tFP1zcsqEzOKyzJyTVgtFI1qDBOSjFJNjCwNDI2TDI3tTC1MqgwTbS0NLYwSTZLskhOSkk09xIuyUhVSCpKTcxOSywuUSguyS-qBAA1cBcG&q=the+breakfast+story&oq=the+brek&aqs=chrome.1.69i57j46i10i175i199i512l2j0i10i512j46i10i131i433i512j0i10i512j46i10i131i433i512j0i10i512j0i10i131i433i512.3137j0j9&sourceid=chrome&ie=UTF-8
1/5/2023 13:46:54,Villa 55,"Mid Range, Good Ambiance, For Dates, Main Course, Cafe",300-600,Gokulpeth,https://www.google.com/search?q=villa+55&oq=villa+55&aqs=chrome..69i57j46i175i199i512l3j0i433i512j0i131i433i512l3j0i433i512.4436j0j9&sourceid=chrome&ie=UTF-8
1/5/2023 13:47:39,222 Backyard,"Mid Range, Good Ambiance, For Dates, Cafe",300-600,Dharampeth,https://www.google.com/search?q=222+backyard&oq=222+ba&aqs=chrome.0.0i355i512j46i175i199i512j0i512j69i57j0i512l2j0i20i263i512j0i512l3.1425j0j9&sourceid=chrome&ie=UTF-8
1/5/2023 13:49:20,Drunken Monkey,"Mid Range, Good Ambiance, For Dates, Beverages, Cafe",150-300,"Dharampeth, Laxmi Nagar, Pratap Nagar, Trimurti Nagar",https://www.google.com/search?q=drunken+monkey+nagpur&oq=drunken+monke&aqs=chrome.0.0i20i263i512j0i433i512j0i512l3j46i175i199i402i512j0i457i512j69i57j0i512l2.2767j0j9&sourceid=chrome&ie=UTF-8
1/5/2023 13:51:27,Cafe Barrel,"Mid Range, Good Ambiance, For Dates, Clubs, Cafe, Serves Alcohol, Live Music, Pubs",600-1000+,Dharampeth,https://www.google.com/search?q=cafe+barrel+nagpur&sxsrf=ALiCzsY3kPiUdFG-JNjLNvaah94Vw3IJZA%3A1672906863254&ei=b4i2Y72SD-mE4-EPia2U2A4&ved=0ahUKEwj9hc7a_6_8AhVpwjgGHYkWBesQ4dUDCA8&uact=5&oq=cafe+barrel+nagpur&gs_lcp=Cgxnd3Mtd2l6LXNlcnAQAzILCC4QgAQQxwEQrwEyBggAEBYQHjIFCAAQhgMyBQgAEIYDMgUIABCGAzIFCAAQhgMyBQgAEIYDOgoIABBHENYEELADOgcIABCwAxBDOhIILhDHARCvARDIAxCwAxBDGAE6EgguEK8BEMcBEMgDELADEEMYAToQCC4QrwEQxwEQhwIQgAQQFDoKCAAQgAQQhwIQFDoECAAQQ0oECEEYAEoECEYYAVBsWMEPYM0RaAFwAXgAgAHhAYgB0AuSAQUwLjEuNpgBAKABAcgBFMABAdoBBggBEAEYCA&sclient=gws-wiz-serp
1/5/2023 13:53:41,Fionna ,"Good Ambiance, For Dates, Serves Alcohol, Live Music, Lounge, Pubs",600-1000+,Dharampeth,https://www.google.com/search?q=fionaa+nagpur&sxsrf=ALiCzsZ0qte4sUiFIgl3qc94lxFP94itXg%3A1672907006135&ei=_oi2Y4vzB_-QjuMPvpSp2As&ved=0ahUKEwiL6t6egLD8AhV_iGMGHT5KCrsQ4dUDCA8&uact=5&oq=fionaa+nagpur&gs_lcp=Cgxnd3Mtd2l6LXNlcnAQAzILCC4QgAQQxwEQrwEyBggAEBYQHjIGCAAQFhAeMggIABAWEB4QCjoKCAAQRxDWBBCwAzoHCAAQsAMQQzoSCC4QxwEQrwEQyAMQsAMQQxgBOgwILhDIAxCwAxBDGAE6EAguEK8BEMcBEIcCEIAEEBQ6BQgAEIAEOgoILhDHARCvARBDOgsILhCvARDHARCABDoHCAAQgAQQCkoECEEYAEoECEYYAFC6BFigEGDSEmgBcAF4AIABhQOIAbYNkgEHMC4yLjQuMZgBAKABAcgBDMABAdoBBAgBGAg&sclient=gws-wiz-serp
1/5/2023 13:56:13,Pablo - The Art Cafe' & Lounge,"Good Ambiance, For Dates, Clubs, Expensive, Cafe, Serves Alcohol, Live Music",600-1000+,Civil Lines,https://www.google.com/search?gs_ssp=eJzj4tVP1zc0TIk3zM0zyEo3YLRSNagwTkoxSTZIM7MwM0tJSzROsTKosEy2TE1ONExMNU00MDCyNPDiKUhMyslXyEtMLygtAgClYhSC&q=pablo+nagpur&oq=Pablp&aqs=chrome.2.69i57j46i10i433i512j46i10i175i199i512l2j46i10i433i512l2j46i10i131i433i512j0i10i512j46i131i433.2469j0j9&sourceid=chrome&ie=UTF-8
1/5/2023 13:58:08,ThirtySixty,"Mid Range, Good Ambiance, For Dates, Beverages, Serves Alcohol, Lounge, Pubs",300-600,Medical Square,https://www.google.com/search?gs_ssp=eJzj4tVP1zc0LEmOT0sxzM0wYLRSNagwTkoxSTZMMTQ3sExOSktKsTKoSDMzSTSwMDBJtTA3TjY0TfXiKcnILCqpVCjOrCipBACu4BTT&q=thirty+sixty&oq=thirty+&aqs=chrome.3.69i57j0i131i433i512l2j46i175i199i512j46i131i433i512j0i20i263i512j0i131i433i512l3j0i433i512.3469j1j9&sourceid=chrome&ie=UTF-8
1/5/2023 13:59:12,Mocha Cafe & Bar,"Mid Range, Good Ambiance, For Dates, Serves Alcohol",600-1000+,Dharampeth,https://www.google.com/search?gs_ssp=eJzj4tFP1zfMyDVOM84xrzRgtFI1qDBOSjFJNjAzSzIwSTM3NUqyAgkZGCUnJpkmmieZJCUaWHoJ5uYnZyQqJCempSrkJaYXlBYBAOsfFac&q=mocha+cafe+nagpur&oq=mocha+cafe&aqs=chrome.1.69i57j46i20i175i199i263i512j46i175i199i402i512j0i512l4j46i175i199i512j0i512j0i457i512.2406j0j9&sourceid=chrome&ie=UTF-8
1/5/2023 14:00:44,Mocha Sky,"Mid Range, Good Ambiance, For Dates, Expensive, Cafe",600-1000+,Wardha Road,https://www.google.com/search?q=mocha+sky+nagpur&sxsrf=ALiCzsbViB_UppBQTsphQYGRzFVCKJyfUg%3A1672907359093&ei=X4q2Y42GBc7qjuMPpaOZyAM&ved=0ahUKEwjNsYXHgbD8AhVOtWMGHaVRBjkQ4dUDCA8&uact=5&oq=mocha+sjy+nagpur&gs_lcp=Cgxnd3Mtd2l6LXNlcnAQAzIECAAQRzIECAAQRzIECAAQRzIECAAQRzIECAAQRzIECAAQRzIECAAQRzIECAAQR0oECEEYAEoECEYYAFAAWABgpwloAHADeACAAQCIAQCSAQCYAQDIAQjAAQE&sclient=gws-wiz-serp#imgrc=J3fr2uqmDqApqM
1/5/2023 14:02:47,Ice Cube,"Mid Range, Good Ambiance, For Dates, Clubs, Serves Alcohol, Pubs",600-1000+,Sadar,https://www.google.com/search?q=ice+cube+nagpur&sxsrf=ALiCzsammHt2csX1k2wq69oqkYACFL6ZfA%3A1672907546298&ei=Gou2Y-TlEcqRjuMPwvKooAg&ved=0ahUKEwjk2qeggrD8AhXKiGMGHUI5CoQQ4dUDCA8&uact=5&oq=ice+cube+nagpur&gs_lcp=Cgxnd3Mtd2l6LXNlcnAQAzILCC4QgAQQxwEQrwEyBQgAEIAEMgYIABAWEB4yBggAEBYQHjIFCAAQhgMyBQgAEIYDOgoIABBHENYEELADOg0IABDkAhDWBBCwAxgBOgwILhDIAxCwAxBDGAI6BAgAEEM6BAguEEM6EAguEK8BEMcBEIcCEIAEEBQ6BwgAELEDEEM6EAguEIAEEIcCEMcBEK8BEBQ6BQguEIAEOgsIABAWEB4Q8QQQCkoECEEYAEoECEYYAVC_AVioDWDDEGgBcAF4AIAB3AKIAc0NkgEFMi02LjGYAQCgAQHIAQ7AAQHaAQYIARABGAnaAQYIAhABGAg&sclient=gws-wiz-serp
1/5/2023 14:03:52,Hitchki,"Mid Range, Good Ambiance, For Dates, Expensive, Serves Alcohol, Live Music, Lounge, Pubs",600-1000+,Chaoni,https://www.google.com/search?q=hitchki+nagpur&sxsrf=ALiCzsbxBYs7hbuEtdq7bRvT7cedAqJHQA%3A1672907600483&ei=UIu2Y4WSHZjvjuMPzaiMuAg&gs_ssp=eJzj4tVP1zc0LMozKEqqLK8wYLRSNagwTkoxSTY0SEmySDFPtjA3tAIKmRkZGpqZGieapJlbWFiaePFlZJYkZ2RnKuQlpheUFgEAzccUxQ&oq=hitchki+&gs_lcp=Cgxnd3Mtd2l6LXNlcnAQARgAMhYILhCABBCHAhCxAxCDARDHARCvARAUMg0ILhCxAxDHARCvARBDMg0ILhCxAxDHARCvARBDMgoIABCABBCHAhAUMg4ILhCABBCxAxDHARCvATIECAAQQzILCC4QgAQQxwEQrwEyBAgAEEMyCgguEMcBEK8BEEMyCwguEIAEEMcBEK8BOgoIABBHENYEELADOgcIABCwAxBDOhIILhDHARCvARDIAxCwAxBDGAE6DAguEMgDELADEEMYAUoECEEYAEoECEYYAVDGAljGAmDNDWgBcAF4AIABhAKIAYQCkgEDMi0xmAEAoAEByAETwAEB2gEGCAEQARgI&sclient=gws-wiz-serp
1/5/2023 14:04:54,Anna Idli,"Affordable, Mid Range, Good Ambiance, For Dates, South Indian Special",150-300,Bajaj Nagar,https://www.google.com/search?q=anna+idli+nagpur&oq=anna+idli+na&aqs=chrome.0.0i20i263i355i512j46i20i175i199i263i512j0i20i263i512j46i175i199i512j0i512l2j69i57j46i175i199i512l2j0i512.2378j0j9&sourceid=chrome&ie=UTF-8
1/5/2023 14:07:17,IT Park - VNIT Street,"Affordable, Multiple Eateries Together / Khau Galli",150-300,"Ambazari Road, VNIT Main Gate",https://www.google.com/search?q=vnit+main+gate&oq=vnit+main+gate&aqs=chrome.0.0i355i512j46i175i199i512j0i22i30j0i15i22i30j0i390l5.3291j0j9&sourceid=chrome&ie=UTF-8
1/5/2023 14:08:30,Food Courtyard,"Mid Range, Good Ambiance, For Dates, Beverages, Multiple Eateries Together / Khau Galli",150-300,Laxmi Nagar,https://www.google.com/search?q=food+courtyard+nagpur+laxmi+nagar&sxsrf=ALiCzsbtsB56VuptCf1k4FeemWyEAPpzlg%3A1672907884624&ei=bIy2Y-HhJeTC4-EP5oONiAM&oq=food+courtyard+nagpur&gs_lcp=Cgxnd3Mtd2l6LXNlcnAQARgAMgoIABBHENYEELADMgoIABBHENYEELADMgoIABBHENYEELADMgoIABBHENYEELADMgoIABBHENYEELADMgoIABBHENYEELADMgoIABBHENYEELADMgoIABBHENYEELADMgcIABCwAxBDMg0ILhCvARDHARCwAxBDSgQIQRgASgQIRhgAUABYAGCyFWgBcAF4AIABAIgBAJIBAJgBAMgBCsABAQ&sclient=gws-wiz-serp
1/5/2023 14:10:53,Six Degrees,"Mid Range, Good Ambiance, For Dates, Serves Alcohol, Live Music, Lounge, Pubs",300-600,Gayatri Nagar,https://www.google.com/search?q=six+degrees+nagpur&sxsrf=ALiCzsYdh7XFM2fkquay7UksPkK6aP_25Q%3A1672907992641&ei=2Iy2Y8TfJo3a4-EP0LGxyAo&ved=0ahUKEwjEq5L1g7D8AhUN7TgGHdBYDKkQ4dUDCA8&uact=5&oq=six+degrees+nagpur&gs_lcp=Cgxnd3Mtd2l6LXNlcnAQAzILCC4QgAQQxwEQrwEyBQgAEIAEMgYIABAWEB4yBggAEBYQHjIFCAAQhgMyBQgAEIYDMgUIABCGAzoKCAAQRxDWBBCwAzoHCAAQsAMQQzoNCAAQ5AIQ1gQQsAMYAToSCC4QxwEQ0QMQyAMQsAMQQxgCOgwILhDIAxCwAxBDGAI6BAgAEEM6EAguEIAEEIcCEMcBEK8BEBQ6BAguEEM6BwguENQCEEM6CwguEK8BEMcBEIAEOgUILhCABDoICAAQFhAeEA9KBAhBGABKBAhGGAFQsgJY0A1g3Q9oAXABeACAAd0BiAGLC5IBBTAuMi41mAEAoAEByAETwAEB2gEGCAEQARgJ2gEGCAIQARgI&sclient=gws-wiz-serp